"Hashtag; Tot"
"harrystyles;1406"
"asitwas;281"
"harrystylesono;135"
"harrystylesavecnrj;124"
"onenightonly;103"
"onotickets;95"
"loveontour;75"
"loveontour2022;74"
"harrystylestickets;69"
"hs3;69"
"harryshouseph;68"
"youarehome;67"
"hsiq;67"
"ono;63"
"hslot;46"
"zanelowe;46"
"harrystylesloveontour;44"
"harries;41"
"harry;39"
"louistomlinson;38"
"fineline;35"
"onedirection;32"
"onoharrystyles;30"
"fav;23"
"eurovision;22"
"harrychella;21"
"onolondon;21"
"larrystylinson;20"
"listeningparty;19"
"vendobiglietti;19"
